Radius,AvgE,AvgEErr,AvgE_Q1,AvgEErr_Q1,AvgE_Q2,AvgEErr_Q2
109.84934396830093,35.5302901832448,3.696261394081571,4.063847827550235,2.2878349686018558,-0.007023466441003265,3.1353683468276454
228.02325039914984,22.038592258703286,3.299389281061606,1.8226766403427392,1.9420061972487312,0.772681395680624,3.1266632139529906
473.3264746451046,11.021023686644567,3.0017432026542283,0.7094765161378769,1.7113659299347896,0.5403398181847976,3.1236502193474567
982.5224015875104,4.553577078358148,2.7857807243779265,0.2328782717307349,1.5559870653683745,0.23196317681777762,3.125157892470199
2039.5019533718214,1.6080270222619446,2.5927473902661786,0.06391902032957616,1.4249521929505675,0.07657911791489212,3.1228854468208556
4233.560691427138,0.549854263397937,2.7724046841647763,0.017039238714755947,1.5323618785055322,0.020172844236494705,3.252293731344129
