Radius,AvgE,AvgEErr,AvgE1P,AvgE1Perr,AvgE1M,AvgE1Merr,AvgE2P,AvgE2Perr,AvgE2M,AvgE2Merr
109.84934396830093,35.5302901832448,3.696261394081571,-6.93010417583187,4.440370089433178,-1.6497140171449576,6.670238022615591,-2.565525885213841,5.22741538816057,2.5653052517527875,5.2271906062642195
228.02325039914984,22.038592258703286,3.299389281061606,-3.0784573824919965,3.796259980261305,0.5110059679481948,6.6707051097645556,-1.3823627336822153,4.666001101197103,1.3824100983918923,4.666081037486243
473.3264746451046,11.021023686644567,3.0017432026542283,-1.2044651858382966,3.3617044416953363,0.5844640180227704,6.667437558694261,-0.5654644870629764,4.245105947957345,0.5654644870629724,4.245105947957345
982.5224015875104,4.553577078358148,2.7857807243779265,-0.3994261235387347,3.065750457173112,0.27957014359247523,6.672574440082814,-0.183756263283022,3.939616711099726,0.18376972906193198,3.9397610572972903
2039.5019533718214,1.6080270222619446,2.5927473902661786,-0.11094357079418017,2.814245866596175,0.09755203408549833,6.667437558694261,-0.048469978172168915,3.6666985231244555,0.04846997817217255,3.6666985231244555
4233.560691427138,0.549854263397937,2.7724046841647763,-0.029830958593616938,3.0359010171863683,0.026011328474357175,6.803497206362793,-0.012361629180818661,3.920914589393223,0.0123598349967559,3.920630035567189
